{"cameraMode":{"drawMode":0,"name":"Shaded","section":"Shading Mode"},"sceneLighting":true,"audioPlay":false,"sceneViewState":{"m_AlwaysRefresh":false,"showFog":true,"showSkybox":true,"showFlares":true,"showImageEffects":true,"showParticleSystems":true,"showVisualEffectGraphs":true,"m_FxEnabled":true},"in2DMode":false,"pivot":{"x":3.7120542526245119,"y":-0.1275959014892578,"z":-2.599856376647949},"rotation":{"x":-0.05342686548829079,"y":0.9465707540512085,"z":-0.22594061493873597,"w":-0.22382999956607819},"size":7.927504539489746,"orthographic":false}